frame,status,prediction,global_conf,n_individuals,paths
4,no-global,,,0,"{""stage_01_raw"": ""/home/dsi/halamim1/ExtractNumbers/outputs/video_150_results/frame_0004/stage_01_raw.png""}"
11,no-global,,,0,"{""stage_01_raw"": ""/home/dsi/halamim1/ExtractNumbers/outputs/video_150_results/frame_0011/stage_01_raw.png""}"
26,no-global,,,0,"{""stage_01_raw"": ""/home/dsi/halamim1/ExtractNumbers/outputs/video_150_results/frame_0026/stage_01_raw.png""}"
34,no-global,,,0,"{""stage_01_raw"": ""/home/dsi/halamim1/ExtractNumbers/outputs/video_150_results/frame_0034/stage_01_raw.png""}"
41,no-global,,,0,"{""stage_01_raw"": ""/home/dsi/halamim1/ExtractNumbers/outputs/video_150_results/frame_0041/stage_01_raw.png""}"
53,no-global,,,0,"{""stage_01_raw"": ""/home/dsi/halamim1/ExtractNumbers/outputs/video_150_results/frame_0053/stage_01_raw.png""}"
65,no-global,,,0,"{""stage_01_raw"": ""/home/dsi/halamim1/ExtractNumbers/outputs/video_150_results/frame_0065/stage_01_raw.png""}"
71,no-global,,,0,"{""stage_01_raw"": ""/home/dsi/halamim1/ExtractNumbers/outputs/video_150_results/frame_0071/stage_01_raw.png""}"
88,no-global,,,0,"{""stage_01_raw"": ""/home/dsi/halamim1/ExtractNumbers/outputs/video_150_results/frame_0088/stage_01_raw.png""}"
99,no-global,,,0,"{""stage_01_raw"": ""/home/dsi/halamim1/ExtractNumbers/outputs/video_150_results/frame_0099/stage_01_raw.png""}"
107,no-global,,,0,"{""stage_01_raw"": ""/home/dsi/halamim1/ExtractNumbers/outputs/video_150_results/frame_0107/stage_01_raw.png""}"
118,no-global,,,0,"{""stage_01_raw"": ""/home/dsi/halamim1/ExtractNumbers/outputs/video_150_results/frame_0118/stage_01_raw.png""}"
124,no-global,,,0,"{""stage_01_raw"": ""/home/dsi/halamim1/ExtractNumbers/outputs/video_150_results/frame_0124/stage_01_raw.png""}"
131,no-global,,,0,"{""stage_01_raw"": ""/home/dsi/halamim1/ExtractNumbers/outputs/video_150_results/frame_0131/stage_01_raw.png""}"
142,no-global,,,0,"{""stage_01_raw"": ""/home/dsi/halamim1/ExtractNumbers/outputs/video_150_results/frame_0142/stage_01_raw.png""}"
153,no-global,,,0,"{""stage_01_raw"": ""/home/dsi/halamim1/ExtractNumbers/outputs/video_150_results/frame_0153/stage_01_raw.png""}"
169,no-global,,,0,"{""stage_01_raw"": ""/home/dsi/halamim1/ExtractNumbers/outputs/video_150_results/frame_0169/stage_01_raw.png""}"
174,no-global,,,0,"{""stage_01_raw"": ""/home/dsi/halamim1/ExtractNumbers/outputs/video_150_results/frame_0174/stage_01_raw.png""}"
181,no-global,,,0,"{""stage_01_raw"": ""/home/dsi/halamim1/ExtractNumbers/outputs/video_150_results/frame_0181/stage_01_raw.png""}"
198,ok,9,0.5551467537879944,1,"{""stage_01_raw"": ""/home/dsi/halamim1/ExtractNumbers/outputs/video_150_results/frame_0198/stage_01_raw.png"", ""stage_02_globalbb"": ""/home/dsi/halamim1/ExtractNumbers/outputs/video_150_results/frame_0198/stage_02_globalbb.png"", ""stage_03_sharpened"": ""/home/dsi/halamim1/ExtractNumbers/outputs/video_150_results/frame_0198/stage_03_sharpened.png"", ""stage_04_individualbb"": ""/home/dsi/halamim1/ExtractNumbers/outputs/video_150_results/frame_0198/stage_04_individualbb.png"", ""stage_05_classification"": ""/home/dsi/halamim1/ExtractNumbers/outputs/video_150_results/frame_0198/stage_05_classification.png""}"
209,ok,9,0.5763999819755554,1,"{""stage_01_raw"": ""/home/dsi/halamim1/ExtractNumbers/outputs/video_150_results/frame_0209/stage_01_raw.png"", ""stage_02_globalbb"": ""/home/dsi/halamim1/ExtractNumbers/outputs/video_150_results/frame_0209/stage_02_globalbb.png"", ""stage_03_sharpened"": ""/home/dsi/halamim1/ExtractNumbers/outputs/video_150_results/frame_0209/stage_03_sharpened.png"", ""stage_04_individualbb"": ""/home/dsi/halamim1/ExtractNumbers/outputs/video_150_results/frame_0209/stage_04_individualbb.png"", ""stage_05_classification"": ""/home/dsi/halamim1/ExtractNumbers/outputs/video_150_results/frame_0209/stage_05_classification.png""}"
215,ok,9,0.5882033705711365,1,"{""stage_01_raw"": ""/home/dsi/halamim1/ExtractNumbers/outputs/video_150_results/frame_0215/stage_01_raw.png"", ""stage_02_globalbb"": ""/home/dsi/halamim1/ExtractNumbers/outputs/video_150_results/frame_0215/stage_02_globalbb.png"", ""stage_03_sharpened"": ""/home/dsi/halamim1/ExtractNumbers/outputs/video_150_results/frame_0215/stage_03_sharpened.png"", ""stage_04_individualbb"": ""/home/dsi/halamim1/ExtractNumbers/outputs/video_150_results/frame_0215/stage_04_individualbb.png"", ""stage_05_classification"": ""/home/dsi/halamim1/ExtractNumbers/outputs/video_150_results/frame_0215/stage_05_classification.png""}"
222,ok,9,0.5682784914970398,1,"{""stage_01_raw"": ""/home/dsi/halamim1/ExtractNumbers/outputs/video_150_results/frame_0222/stage_01_raw.png"", ""stage_02_globalbb"": ""/home/dsi/halamim1/ExtractNumbers/outputs/video_150_results/frame_0222/stage_02_globalbb.png"", ""stage_03_sharpened"": ""/home/dsi/halamim1/ExtractNumbers/outputs/video_150_results/frame_0222/stage_03_sharpened.png"", ""stage_04_individualbb"": ""/home/dsi/halamim1/ExtractNumbers/outputs/video_150_results/frame_0222/stage_04_individualbb.png"", ""stage_05_classification"": ""/home/dsi/halamim1/ExtractNumbers/outputs/video_150_results/frame_0222/stage_05_classification.png""}"
230,ok,9,0.5569366216659546,1,"{""stage_01_raw"": ""/home/dsi/halamim1/ExtractNumbers/outputs/video_150_results/frame_0230/stage_01_raw.png"", ""stage_02_globalbb"": ""/home/dsi/halamim1/ExtractNumbers/outputs/video_150_results/frame_0230/stage_02_globalbb.png"", ""stage_03_sharpened"": ""/home/dsi/halamim1/ExtractNumbers/outputs/video_150_results/frame_0230/stage_03_sharpened.png"", ""stage_04_individualbb"": ""/home/dsi/halamim1/ExtractNumbers/outputs/video_150_results/frame_0230/stage_04_individualbb.png"", ""stage_05_classification"": ""/home/dsi/halamim1/ExtractNumbers/outputs/video_150_results/frame_0230/stage_05_classification.png""}"
245,ok,9,0.5298870205879211,1,"{""stage_01_raw"": ""/home/dsi/halamim1/ExtractNumbers/outputs/video_150_results/frame_0245/stage_01_raw.png"", ""stage_02_globalbb"": ""/home/dsi/halamim1/ExtractNumbers/outputs/video_150_results/frame_0245/stage_02_globalbb.png"", ""stage_03_sharpened"": ""/home/dsi/halamim1/ExtractNumbers/outputs/video_150_results/frame_0245/stage_03_sharpened.png"", ""stage_04_individualbb"": ""/home/dsi/halamim1/ExtractNumbers/outputs/video_150_results/frame_0245/stage_04_individualbb.png"", ""stage_05_classification"": ""/home/dsi/halamim1/ExtractNumbers/outputs/video_150_results/frame_0245/stage_05_classification.png""}"
251,ok,9,0.5299108028411865,1,"{""stage_01_raw"": ""/home/dsi/halamim1/ExtractNumbers/outputs/video_150_results/frame_0251/stage_01_raw.png"", ""stage_02_globalbb"": ""/home/dsi/halamim1/ExtractNumbers/outputs/video_150_results/frame_0251/stage_02_globalbb.png"", ""stage_03_sharpened"": ""/home/dsi/halamim1/ExtractNumbers/outputs/video_150_results/frame_0251/stage_03_sharpened.png"", ""stage_04_individualbb"": ""/home/dsi/halamim1/ExtractNumbers/outputs/video_150_results/frame_0251/stage_04_individualbb.png"", ""stage_05_classification"": ""/home/dsi/halamim1/ExtractNumbers/outputs/video_150_results/frame_0251/stage_05_classification.png""}"
266,ok,9,0.5370604991912842,1,"{""stage_01_raw"": ""/home/dsi/halamim1/ExtractNumbers/outputs/video_150_results/frame_0266/stage_01_raw.png"", ""stage_02_globalbb"": ""/home/dsi/halamim1/ExtractNumbers/outputs/video_150_results/frame_0266/stage_02_globalbb.png"", ""stage_03_sharpened"": ""/home/dsi/halamim1/ExtractNumbers/outputs/video_150_results/frame_0266/stage_03_sharpened.png"", ""stage_04_individualbb"": ""/home/dsi/halamim1/ExtractNumbers/outputs/video_150_results/frame_0266/stage_04_individualbb.png"", ""stage_05_classification"": ""/home/dsi/halamim1/ExtractNumbers/outputs/video_150_results/frame_0266/stage_05_classification.png""}"
271,ok,9,0.5272701382637024,1,"{""stage_01_raw"": ""/home/dsi/halamim1/ExtractNumbers/outputs/video_150_results/frame_0271/stage_01_raw.png"", ""stage_02_globalbb"": ""/home/dsi/halamim1/ExtractNumbers/outputs/video_150_results/frame_0271/stage_02_globalbb.png"", ""stage_03_sharpened"": ""/home/dsi/halamim1/ExtractNumbers/outputs/video_150_results/frame_0271/stage_03_sharpened.png"", ""stage_04_individualbb"": ""/home/dsi/halamim1/ExtractNumbers/outputs/video_150_results/frame_0271/stage_04_individualbb.png"", ""stage_05_classification"": ""/home/dsi/halamim1/ExtractNumbers/outputs/video_150_results/frame_0271/stage_05_classification.png""}"
288,ok,5409,0.603026270866394,4,"{""stage_01_raw"": ""/home/dsi/halamim1/ExtractNumbers/outputs/video_150_results/frame_0288/stage_01_raw.png"", ""stage_02_globalbb"": ""/home/dsi/halamim1/ExtractNumbers/outputs/video_150_results/frame_0288/stage_02_globalbb.png"", ""stage_03_sharpened"": ""/home/dsi/halamim1/ExtractNumbers/outputs/video_150_results/frame_0288/stage_03_sharpened.png"", ""stage_04_individualbb"": ""/home/dsi/halamim1/ExtractNumbers/outputs/video_150_results/frame_0288/stage_04_individualbb.png"", ""stage_05_classification"": ""/home/dsi/halamim1/ExtractNumbers/outputs/video_150_results/frame_0288/stage_05_classification.png""}"
297,ok,5409,0.6032252907752991,4,"{""stage_01_raw"": ""/home/dsi/halamim1/ExtractNumbers/outputs/video_150_results/frame_0297/stage_01_raw.png"", ""stage_02_globalbb"": ""/home/dsi/halamim1/ExtractNumbers/outputs/video_150_results/frame_0297/stage_02_globalbb.png"", ""stage_03_sharpened"": ""/home/dsi/halamim1/ExtractNumbers/outputs/video_150_results/frame_0297/stage_03_sharpened.png"", ""stage_04_individualbb"": ""/home/dsi/halamim1/ExtractNumbers/outputs/video_150_results/frame_0297/stage_04_individualbb.png"", ""stage_05_classification"": ""/home/dsi/halamim1/ExtractNumbers/outputs/video_150_results/frame_0297/stage_05_classification.png""}"
306,ok,5409,0.5991541147232056,4,"{""stage_01_raw"": ""/home/dsi/halamim1/ExtractNumbers/outputs/video_150_results/frame_0306/stage_01_raw.png"", ""stage_02_globalbb"": ""/home/dsi/halamim1/ExtractNumbers/outputs/video_150_results/frame_0306/stage_02_globalbb.png"", ""stage_03_sharpened"": ""/home/dsi/halamim1/ExtractNumbers/outputs/video_150_results/frame_0306/stage_03_sharpened.png"", ""stage_04_individualbb"": ""/home/dsi/halamim1/ExtractNumbers/outputs/video_150_results/frame_0306/stage_04_individualbb.png"", ""stage_05_classification"": ""/home/dsi/halamim1/ExtractNumbers/outputs/video_150_results/frame_0306/stage_05_classification.png""}"
319,ok,5409,0.591499388217926,4,"{""stage_01_raw"": ""/home/dsi/halamim1/ExtractNumbers/outputs/video_150_results/frame_0319/stage_01_raw.png"", ""stage_02_globalbb"": ""/home/dsi/halamim1/ExtractNumbers/outputs/video_150_results/frame_0319/stage_02_globalbb.png"", ""stage_03_sharpened"": ""/home/dsi/halamim1/ExtractNumbers/outputs/video_150_results/frame_0319/stage_03_sharpened.png"", ""stage_04_individualbb"": ""/home/dsi/halamim1/ExtractNumbers/outputs/video_150_results/frame_0319/stage_04_individualbb.png"", ""stage_05_classification"": ""/home/dsi/halamim1/ExtractNumbers/outputs/video_150_results/frame_0319/stage_05_classification.png""}"
327,ok,5409,0.5891873836517334,4,"{""stage_01_raw"": ""/home/dsi/halamim1/ExtractNumbers/outputs/video_150_results/frame_0327/stage_01_raw.png"", ""stage_02_globalbb"": ""/home/dsi/halamim1/ExtractNumbers/outputs/video_150_results/frame_0327/stage_02_globalbb.png"", ""stage_03_sharpened"": ""/home/dsi/halamim1/ExtractNumbers/outputs/video_150_results/frame_0327/stage_03_sharpened.png"", ""stage_04_individualbb"": ""/home/dsi/halamim1/ExtractNumbers/outputs/video_150_results/frame_0327/stage_04_individualbb.png"", ""stage_05_classification"": ""/home/dsi/halamim1/ExtractNumbers/outputs/video_150_results/frame_0327/stage_05_classification.png""}"
335,ok,54102,0.6119316816329956,5,"{""stage_01_raw"": ""/home/dsi/halamim1/ExtractNumbers/outputs/video_150_results/frame_0335/stage_01_raw.png"", ""stage_02_globalbb"": ""/home/dsi/halamim1/ExtractNumbers/outputs/video_150_results/frame_0335/stage_02_globalbb.png"", ""stage_03_sharpened"": ""/home/dsi/halamim1/ExtractNumbers/outputs/video_150_results/frame_0335/stage_03_sharpened.png"", ""stage_04_individualbb"": ""/home/dsi/halamim1/ExtractNumbers/outputs/video_150_results/frame_0335/stage_04_individualbb.png"", ""stage_05_classification"": ""/home/dsi/halamim1/ExtractNumbers/outputs/video_150_results/frame_0335/stage_05_classification.png""}"
347,ok,54102,0.6120016574859619,5,"{""stage_01_raw"": ""/home/dsi/halamim1/ExtractNumbers/outputs/video_150_results/frame_0347/stage_01_raw.png"", ""stage_02_globalbb"": ""/home/dsi/halamim1/ExtractNumbers/outputs/video_150_results/frame_0347/stage_02_globalbb.png"", ""stage_03_sharpened"": ""/home/dsi/halamim1/ExtractNumbers/outputs/video_150_results/frame_0347/stage_03_sharpened.png"", ""stage_04_individualbb"": ""/home/dsi/halamim1/ExtractNumbers/outputs/video_150_results/frame_0347/stage_04_individualbb.png"", ""stage_05_classification"": ""/home/dsi/halamim1/ExtractNumbers/outputs/video_150_results/frame_0347/stage_05_classification.png""}"
357,ok,86199,0.3043110966682434,5,"{""stage_01_raw"": ""/home/dsi/halamim1/ExtractNumbers/outputs/video_150_results/frame_0357/stage_01_raw.png"", ""stage_02_globalbb"": ""/home/dsi/halamim1/ExtractNumbers/outputs/video_150_results/frame_0357/stage_02_globalbb.png"", ""stage_03_sharpened"": ""/home/dsi/halamim1/ExtractNumbers/outputs/video_150_results/frame_0357/stage_03_sharpened.png"", ""stage_04_individualbb"": ""/home/dsi/halamim1/ExtractNumbers/outputs/video_150_results/frame_0357/stage_04_individualbb.png"", ""stage_05_classification"": ""/home/dsi/halamim1/ExtractNumbers/outputs/video_150_results/frame_0357/stage_05_classification.png""}"
364,ok,69999,0.2613997757434845,5,"{""stage_01_raw"": ""/home/dsi/halamim1/ExtractNumbers/outputs/video_150_results/frame_0364/stage_01_raw.png"", ""stage_02_globalbb"": ""/home/dsi/halamim1/ExtractNumbers/outputs/video_150_results/frame_0364/stage_02_globalbb.png"", ""stage_03_sharpened"": ""/home/dsi/halamim1/ExtractNumbers/outputs/video_150_results/frame_0364/stage_03_sharpened.png"", ""stage_04_individualbb"": ""/home/dsi/halamim1/ExtractNumbers/outputs/video_150_results/frame_0364/stage_04_individualbb.png"", ""stage_05_classification"": ""/home/dsi/halamim1/ExtractNumbers/outputs/video_150_results/frame_0364/stage_05_classification.png""}"
370,no-global,,,0,"{""stage_01_raw"": ""/home/dsi/halamim1/ExtractNumbers/outputs/video_150_results/frame_0370/stage_01_raw.png""}"
383,no-global,,,0,"{""stage_01_raw"": ""/home/dsi/halamim1/ExtractNumbers/outputs/video_150_results/frame_0383/stage_01_raw.png""}"
398,no-global,,,0,"{""stage_01_raw"": ""/home/dsi/halamim1/ExtractNumbers/outputs/video_150_results/frame_0398/stage_01_raw.png""}"
406,no-global,,,0,"{""stage_01_raw"": ""/home/dsi/halamim1/ExtractNumbers/outputs/video_150_results/frame_0406/stage_01_raw.png""}"
416,no-global,,,0,"{""stage_01_raw"": ""/home/dsi/halamim1/ExtractNumbers/outputs/video_150_results/frame_0416/stage_01_raw.png""}"
420,no-global,,,0,"{""stage_01_raw"": ""/home/dsi/halamim1/ExtractNumbers/outputs/video_150_results/frame_0420/stage_01_raw.png""}"
435,no-global,,,0,"{""stage_01_raw"": ""/home/dsi/halamim1/ExtractNumbers/outputs/video_150_results/frame_0435/stage_01_raw.png""}"
441,ok,89191,0.34881457686424255,5,"{""stage_01_raw"": ""/home/dsi/halamim1/ExtractNumbers/outputs/video_150_results/frame_0441/stage_01_raw.png"", ""stage_02_globalbb"": ""/home/dsi/halamim1/ExtractNumbers/outputs/video_150_results/frame_0441/stage_02_globalbb.png"", ""stage_03_sharpened"": ""/home/dsi/halamim1/ExtractNumbers/outputs/video_150_results/frame_0441/stage_03_sharpened.png"", ""stage_04_individualbb"": ""/home/dsi/halamim1/ExtractNumbers/outputs/video_150_results/frame_0441/stage_04_individualbb.png"", ""stage_05_classification"": ""/home/dsi/halamim1/ExtractNumbers/outputs/video_150_results/frame_0441/stage_05_classification.png""}"
455,no-global,,,0,"{""stage_01_raw"": ""/home/dsi/halamim1/ExtractNumbers/outputs/video_150_results/frame_0455/stage_01_raw.png""}"
461,no-global,,,0,"{""stage_01_raw"": ""/home/dsi/halamim1/ExtractNumbers/outputs/video_150_results/frame_0461/stage_01_raw.png""}"
470,no-global,,,0,"{""stage_01_raw"": ""/home/dsi/halamim1/ExtractNumbers/outputs/video_150_results/frame_0470/stage_01_raw.png""}"
486,no-global,,,0,"{""stage_01_raw"": ""/home/dsi/halamim1/ExtractNumbers/outputs/video_150_results/frame_0486/stage_01_raw.png""}"
495,no-global,,,0,"{""stage_01_raw"": ""/home/dsi/halamim1/ExtractNumbers/outputs/video_150_results/frame_0495/stage_01_raw.png""}"
504,no-global,,,0,"{""stage_01_raw"": ""/home/dsi/halamim1/ExtractNumbers/outputs/video_150_results/frame_0504/stage_01_raw.png""}"
512,no-global,,,0,"{""stage_01_raw"": ""/home/dsi/halamim1/ExtractNumbers/outputs/video_150_results/frame_0512/stage_01_raw.png""}"
527,no-global,,,0,"{""stage_01_raw"": ""/home/dsi/halamim1/ExtractNumbers/outputs/video_150_results/frame_0527/stage_01_raw.png""}"
539,no-global,,,0,"{""stage_01_raw"": ""/home/dsi/halamim1/ExtractNumbers/outputs/video_150_results/frame_0539/stage_01_raw.png""}"
542,no-global,,,0,"{""stage_01_raw"": ""/home/dsi/halamim1/ExtractNumbers/outputs/video_150_results/frame_0542/stage_01_raw.png""}"
555,no-global,,,0,"{""stage_01_raw"": ""/home/dsi/halamim1/ExtractNumbers/outputs/video_150_results/frame_0555/stage_01_raw.png""}"
568,no-global,,,0,"{""stage_01_raw"": ""/home/dsi/halamim1/ExtractNumbers/outputs/video_150_results/frame_0568/stage_01_raw.png""}"
576,no-global,,,0,"{""stage_01_raw"": ""/home/dsi/halamim1/ExtractNumbers/outputs/video_150_results/frame_0576/stage_01_raw.png""}"
587,no-global,,,0,"{""stage_01_raw"": ""/home/dsi/halamim1/ExtractNumbers/outputs/video_150_results/frame_0587/stage_01_raw.png""}"
590,no-global,,,0,"{""stage_01_raw"": ""/home/dsi/halamim1/ExtractNumbers/outputs/video_150_results/frame_0590/stage_01_raw.png""}"
602,no-global,,,0,"{""stage_01_raw"": ""/home/dsi/halamim1/ExtractNumbers/outputs/video_150_results/frame_0602/stage_01_raw.png""}"
611,no-global,,,0,"{""stage_01_raw"": ""/home/dsi/halamim1/ExtractNumbers/outputs/video_150_results/frame_0611/stage_01_raw.png""}"
620,ok,99999,0.26095521450042725,5,"{""stage_01_raw"": ""/home/dsi/halamim1/ExtractNumbers/outputs/video_150_results/frame_0620/stage_01_raw.png"", ""stage_02_globalbb"": ""/home/dsi/halamim1/ExtractNumbers/outputs/video_150_results/frame_0620/stage_02_globalbb.png"", ""stage_03_sharpened"": ""/home/dsi/halamim1/ExtractNumbers/outputs/video_150_results/frame_0620/stage_03_sharpened.png"", ""stage_04_individualbb"": ""/home/dsi/halamim1/ExtractNumbers/outputs/video_150_results/frame_0620/stage_04_individualbb.png"", ""stage_05_classification"": ""/home/dsi/halamim1/ExtractNumbers/outputs/video_150_results/frame_0620/stage_05_classification.png""}"
635,no-global,,,0,"{""stage_01_raw"": ""/home/dsi/halamim1/ExtractNumbers/outputs/video_150_results/frame_0635/stage_01_raw.png""}"
648,ok,990,0.26822522282600403,3,"{""stage_01_raw"": ""/home/dsi/halamim1/ExtractNumbers/outputs/video_150_results/frame_0648/stage_01_raw.png"", ""stage_02_globalbb"": ""/home/dsi/halamim1/ExtractNumbers/outputs/video_150_results/frame_0648/stage_02_globalbb.png"", ""stage_03_sharpened"": ""/home/dsi/halamim1/ExtractNumbers/outputs/video_150_results/frame_0648/stage_03_sharpened.png"", ""stage_04_individualbb"": ""/home/dsi/halamim1/ExtractNumbers/outputs/video_150_results/frame_0648/stage_04_individualbb.png"", ""stage_05_classification"": ""/home/dsi/halamim1/ExtractNumbers/outputs/video_150_results/frame_0648/stage_05_classification.png""}"
652,ok,990,0.37912270426750183,3,"{""stage_01_raw"": ""/home/dsi/halamim1/ExtractNumbers/outputs/video_150_results/frame_0652/stage_01_raw.png"", ""stage_02_globalbb"": ""/home/dsi/halamim1/ExtractNumbers/outputs/video_150_results/frame_0652/stage_02_globalbb.png"", ""stage_03_sharpened"": ""/home/dsi/halamim1/ExtractNumbers/outputs/video_150_results/frame_0652/stage_03_sharpened.png"", ""stage_04_individualbb"": ""/home/dsi/halamim1/ExtractNumbers/outputs/video_150_results/frame_0652/stage_04_individualbb.png"", ""stage_05_classification"": ""/home/dsi/halamim1/ExtractNumbers/outputs/video_150_results/frame_0652/stage_05_classification.png""}"
662,no-global,,,0,"{""stage_01_raw"": ""/home/dsi/halamim1/ExtractNumbers/outputs/video_150_results/frame_0662/stage_01_raw.png""}"
677,no-global,,,0,"{""stage_01_raw"": ""/home/dsi/halamim1/ExtractNumbers/outputs/video_150_results/frame_0677/stage_01_raw.png""}"
689,no-global,,,0,"{""stage_01_raw"": ""/home/dsi/halamim1/ExtractNumbers/outputs/video_150_results/frame_0689/stage_01_raw.png""}"
699,no-global,,,0,"{""stage_01_raw"": ""/home/dsi/halamim1/ExtractNumbers/outputs/video_150_results/frame_0699/stage_01_raw.png""}"
702,no-global,,,0,"{""stage_01_raw"": ""/home/dsi/halamim1/ExtractNumbers/outputs/video_150_results/frame_0702/stage_01_raw.png""}"
712,no-global,,,0,"{""stage_01_raw"": ""/home/dsi/halamim1/ExtractNumbers/outputs/video_150_results/frame_0712/stage_01_raw.png""}"
728,no-global,,,0,"{""stage_01_raw"": ""/home/dsi/halamim1/ExtractNumbers/outputs/video_150_results/frame_0728/stage_01_raw.png""}"
739,no-global,,,0,"{""stage_01_raw"": ""/home/dsi/halamim1/ExtractNumbers/outputs/video_150_results/frame_0739/stage_01_raw.png""}"
744,no-global,,,0,"{""stage_01_raw"": ""/home/dsi/halamim1/ExtractNumbers/outputs/video_150_results/frame_0744/stage_01_raw.png""}"
750,no-global,,,0,"{""stage_01_raw"": ""/home/dsi/halamim1/ExtractNumbers/outputs/video_150_results/frame_0750/stage_01_raw.png""}"
768,ok,990,0.2823544442653656,3,"{""stage_01_raw"": ""/home/dsi/halamim1/ExtractNumbers/outputs/video_150_results/frame_0768/stage_01_raw.png"", ""stage_02_globalbb"": ""/home/dsi/halamim1/ExtractNumbers/outputs/video_150_results/frame_0768/stage_02_globalbb.png"", ""stage_03_sharpened"": ""/home/dsi/halamim1/ExtractNumbers/outputs/video_150_results/frame_0768/stage_03_sharpened.png"", ""stage_04_individualbb"": ""/home/dsi/halamim1/ExtractNumbers/outputs/video_150_results/frame_0768/stage_04_individualbb.png"", ""stage_05_classification"": ""/home/dsi/halamim1/ExtractNumbers/outputs/video_150_results/frame_0768/stage_05_classification.png""}"
779,no-global,,,0,"{""stage_01_raw"": ""/home/dsi/halamim1/ExtractNumbers/outputs/video_150_results/frame_0779/stage_01_raw.png""}"
783,no-global,,,0,"{""stage_01_raw"": ""/home/dsi/halamim1/ExtractNumbers/outputs/video_150_results/frame_0783/stage_01_raw.png""}"
793,no-global,,,0,"{""stage_01_raw"": ""/home/dsi/halamim1/ExtractNumbers/outputs/video_150_results/frame_0793/stage_01_raw.png""}"
802,no-global,,,0,"{""stage_01_raw"": ""/home/dsi/halamim1/ExtractNumbers/outputs/video_150_results/frame_0802/stage_01_raw.png""}"
818,no-global,,,0,"{""stage_01_raw"": ""/home/dsi/halamim1/ExtractNumbers/outputs/video_150_results/frame_0818/stage_01_raw.png""}"
822,no-global,,,0,"{""stage_01_raw"": ""/home/dsi/halamim1/ExtractNumbers/outputs/video_150_results/frame_0822/stage_01_raw.png""}"
839,no-global,,,0,"{""stage_01_raw"": ""/home/dsi/halamim1/ExtractNumbers/outputs/video_150_results/frame_0839/stage_01_raw.png""}"
844,no-global,,,0,"{""stage_01_raw"": ""/home/dsi/halamim1/ExtractNumbers/outputs/video_150_results/frame_0844/stage_01_raw.png""}"
855,no-global,,,0,"{""stage_01_raw"": ""/home/dsi/halamim1/ExtractNumbers/outputs/video_150_results/frame_0855/stage_01_raw.png""}"
865,no-global,,,0,"{""stage_01_raw"": ""/home/dsi/halamim1/ExtractNumbers/outputs/video_150_results/frame_0865/stage_01_raw.png""}"
874,no-global,,,0,"{""stage_01_raw"": ""/home/dsi/halamim1/ExtractNumbers/outputs/video_150_results/frame_0874/stage_01_raw.png""}"
881,no-global,,,0,"{""stage_01_raw"": ""/home/dsi/halamim1/ExtractNumbers/outputs/video_150_results/frame_0881/stage_01_raw.png""}"
896,no-global,,,0,"{""stage_01_raw"": ""/home/dsi/halamim1/ExtractNumbers/outputs/video_150_results/frame_0896/stage_01_raw.png""}"
900,no-global,,,0,"{""stage_01_raw"": ""/home/dsi/halamim1/ExtractNumbers/outputs/video_150_results/frame_0900/stage_01_raw.png""}"
911,no-global,,,0,"{""stage_01_raw"": ""/home/dsi/halamim1/ExtractNumbers/outputs/video_150_results/frame_0911/stage_01_raw.png""}"
928,no-global,,,0,"{""stage_01_raw"": ""/home/dsi/halamim1/ExtractNumbers/outputs/video_150_results/frame_0928/stage_01_raw.png""}"
934,no-global,,,0,"{""stage_01_raw"": ""/home/dsi/halamim1/ExtractNumbers/outputs/video_150_results/frame_0934/stage_01_raw.png""}"
949,no-global,,,0,"{""stage_01_raw"": ""/home/dsi/halamim1/ExtractNumbers/outputs/video_150_results/frame_0949/stage_01_raw.png""}"
958,no-global,,,0,"{""stage_01_raw"": ""/home/dsi/halamim1/ExtractNumbers/outputs/video_150_results/frame_0958/stage_01_raw.png""}"
966,no-global,,,0,"{""stage_01_raw"": ""/home/dsi/halamim1/ExtractNumbers/outputs/video_150_results/frame_0966/stage_01_raw.png""}"
976,no-global,,,0,"{""stage_01_raw"": ""/home/dsi/halamim1/ExtractNumbers/outputs/video_150_results/frame_0976/stage_01_raw.png""}"
983,no-global,,,0,"{""stage_01_raw"": ""/home/dsi/halamim1/ExtractNumbers/outputs/video_150_results/frame_0983/stage_01_raw.png""}"
993,no-global,,,0,"{""stage_01_raw"": ""/home/dsi/halamim1/ExtractNumbers/outputs/video_150_results/frame_0993/stage_01_raw.png""}"
1004,no-global,,,0,"{""stage_01_raw"": ""/home/dsi/halamim1/ExtractNumbers/outputs/video_150_results/frame_1004/stage_01_raw.png""}"
1010,no-global,,,0,"{""stage_01_raw"": ""/home/dsi/halamim1/ExtractNumbers/outputs/video_150_results/frame_1010/stage_01_raw.png""}"
1023,no-global,,,0,"{""stage_01_raw"": ""/home/dsi/halamim1/ExtractNumbers/outputs/video_150_results/frame_1023/stage_01_raw.png""}"
1036,no-global,,,0,"{""stage_01_raw"": ""/home/dsi/halamim1/ExtractNumbers/outputs/video_150_results/frame_1036/stage_01_raw.png""}"
1044,no-global,,,0,"{""stage_01_raw"": ""/home/dsi/halamim1/ExtractNumbers/outputs/video_150_results/frame_1044/stage_01_raw.png""}"
1056,no-global,,,0,"{""stage_01_raw"": ""/home/dsi/halamim1/ExtractNumbers/outputs/video_150_results/frame_1056/stage_01_raw.png""}"
1061,no-global,,,0,"{""stage_01_raw"": ""/home/dsi/halamim1/ExtractNumbers/outputs/video_150_results/frame_1061/stage_01_raw.png""}"
1079,no-global,,,0,"{""stage_01_raw"": ""/home/dsi/halamim1/ExtractNumbers/outputs/video_150_results/frame_1079/stage_01_raw.png""}"
1085,no-global,,,0,"{""stage_01_raw"": ""/home/dsi/halamim1/ExtractNumbers/outputs/video_150_results/frame_1085/stage_01_raw.png""}"
1093,no-global,,,0,"{""stage_01_raw"": ""/home/dsi/halamim1/ExtractNumbers/outputs/video_150_results/frame_1093/stage_01_raw.png""}"
1109,no-global,,,0,"{""stage_01_raw"": ""/home/dsi/halamim1/ExtractNumbers/outputs/video_150_results/frame_1109/stage_01_raw.png""}"
1112,no-global,,,0,"{""stage_01_raw"": ""/home/dsi/halamim1/ExtractNumbers/outputs/video_150_results/frame_1112/stage_01_raw.png""}"
1120,no-global,,,0,"{""stage_01_raw"": ""/home/dsi/halamim1/ExtractNumbers/outputs/video_150_results/frame_1120/stage_01_raw.png""}"
1135,no-global,,,0,"{""stage_01_raw"": ""/home/dsi/halamim1/ExtractNumbers/outputs/video_150_results/frame_1135/stage_01_raw.png""}"
1143,ok,11,0.2522469460964203,2,"{""stage_01_raw"": ""/home/dsi/halamim1/ExtractNumbers/outputs/video_150_results/frame_1143/stage_01_raw.png"", ""stage_02_globalbb"": ""/home/dsi/halamim1/ExtractNumbers/outputs/video_150_results/frame_1143/stage_02_globalbb.png"", ""stage_03_sharpened"": ""/home/dsi/halamim1/ExtractNumbers/outputs/video_150_results/frame_1143/stage_03_sharpened.png"", ""stage_04_individualbb"": ""/home/dsi/halamim1/ExtractNumbers/outputs/video_150_results/frame_1143/stage_04_individualbb.png"", ""stage_05_classification"": ""/home/dsi/halamim1/ExtractNumbers/outputs/video_150_results/frame_1143/stage_05_classification.png""}"
1151,ok,11,0.2899908423423767,2,"{""stage_01_raw"": ""/home/dsi/halamim1/ExtractNumbers/outputs/video_150_results/frame_1151/stage_01_raw.png"", ""stage_02_globalbb"": ""/home/dsi/halamim1/ExtractNumbers/outputs/video_150_results/frame_1151/stage_02_globalbb.png"", ""stage_03_sharpened"": ""/home/dsi/halamim1/ExtractNumbers/outputs/video_150_results/frame_1151/stage_03_sharpened.png"", ""stage_04_individualbb"": ""/home/dsi/halamim1/ExtractNumbers/outputs/video_150_results/frame_1151/stage_04_individualbb.png"", ""stage_05_classification"": ""/home/dsi/halamim1/ExtractNumbers/outputs/video_150_results/frame_1151/stage_05_classification.png""}"
1165,no-global,,,0,"{""stage_01_raw"": ""/home/dsi/halamim1/ExtractNumbers/outputs/video_150_results/frame_1165/stage_01_raw.png""}"
1179,no-global,,,0,"{""stage_01_raw"": ""/home/dsi/halamim1/ExtractNumbers/outputs/video_150_results/frame_1179/stage_01_raw.png""}"
1189,ok,9999,0.36258602142333984,4,"{""stage_01_raw"": ""/home/dsi/halamim1/ExtractNumbers/outputs/video_150_results/frame_1189/stage_01_raw.png"", ""stage_02_globalbb"": ""/home/dsi/halamim1/ExtractNumbers/outputs/video_150_results/frame_1189/stage_02_globalbb.png"", ""stage_03_sharpened"": ""/home/dsi/halamim1/ExtractNumbers/outputs/video_150_results/frame_1189/stage_03_sharpened.png"", ""stage_04_individualbb"": ""/home/dsi/halamim1/ExtractNumbers/outputs/video_150_results/frame_1189/stage_04_individualbb.png"", ""stage_05_classification"": ""/home/dsi/halamim1/ExtractNumbers/outputs/video_150_results/frame_1189/stage_05_classification.png""}"
1194,ok,999,0.5484433174133301,3,"{""stage_01_raw"": ""/home/dsi/halamim1/ExtractNumbers/outputs/video_150_results/frame_1194/stage_01_raw.png"", ""stage_02_globalbb"": ""/home/dsi/halamim1/ExtractNumbers/outputs/video_150_results/frame_1194/stage_02_globalbb.png"", ""stage_03_sharpened"": ""/home/dsi/halamim1/ExtractNumbers/outputs/video_150_results/frame_1194/stage_03_sharpened.png"", ""stage_04_individualbb"": ""/home/dsi/halamim1/ExtractNumbers/outputs/video_150_results/frame_1194/stage_04_individualbb.png"", ""stage_05_classification"": ""/home/dsi/halamim1/ExtractNumbers/outputs/video_150_results/frame_1194/stage_05_classification.png""}"
1202,ok,49,0.4037044048309326,2,"{""stage_01_raw"": ""/home/dsi/halamim1/ExtractNumbers/outputs/video_150_results/frame_1202/stage_01_raw.png"", ""stage_02_globalbb"": ""/home/dsi/halamim1/ExtractNumbers/outputs/video_150_results/frame_1202/stage_02_globalbb.png"", ""stage_03_sharpened"": ""/home/dsi/halamim1/ExtractNumbers/outputs/video_150_results/frame_1202/stage_03_sharpened.png"", ""stage_04_individualbb"": ""/home/dsi/halamim1/ExtractNumbers/outputs/video_150_results/frame_1202/stage_04_individualbb.png"", ""stage_05_classification"": ""/home/dsi/halamim1/ExtractNumbers/outputs/video_150_results/frame_1202/stage_05_classification.png""}"
1216,ok,9199,0.5203120708465576,4,"{""stage_01_raw"": ""/home/dsi/halamim1/ExtractNumbers/outputs/video_150_results/frame_1216/stage_01_raw.png"", ""stage_02_globalbb"": ""/home/dsi/halamim1/ExtractNumbers/outputs/video_150_results/frame_1216/stage_02_globalbb.png"", ""stage_03_sharpened"": ""/home/dsi/halamim1/ExtractNumbers/outputs/video_150_results/frame_1216/stage_03_sharpened.png"", ""stage_04_individualbb"": ""/home/dsi/halamim1/ExtractNumbers/outputs/video_150_results/frame_1216/stage_04_individualbb.png"", ""stage_05_classification"": ""/home/dsi/halamim1/ExtractNumbers/outputs/video_150_results/frame_1216/stage_05_classification.png""}"
1221,ok,992,0.5293054580688477,3,"{""stage_01_raw"": ""/home/dsi/halamim1/ExtractNumbers/outputs/video_150_results/frame_1221/stage_01_raw.png"", ""stage_02_globalbb"": ""/home/dsi/halamim1/ExtractNumbers/outputs/video_150_results/frame_1221/stage_02_globalbb.png"", ""stage_03_sharpened"": ""/home/dsi/halamim1/ExtractNumbers/outputs/video_150_results/frame_1221/stage_03_sharpened.png"", ""stage_04_individualbb"": ""/home/dsi/halamim1/ExtractNumbers/outputs/video_150_results/frame_1221/stage_04_individualbb.png"", ""stage_05_classification"": ""/home/dsi/halamim1/ExtractNumbers/outputs/video_150_results/frame_1221/stage_05_classification.png""}"
1230,ok,952,0.5346288681030273,3,"{""stage_01_raw"": ""/home/dsi/halamim1/ExtractNumbers/outputs/video_150_results/frame_1230/stage_01_raw.png"", ""stage_02_globalbb"": ""/home/dsi/halamim1/ExtractNumbers/outputs/video_150_results/frame_1230/stage_02_globalbb.png"", ""stage_03_sharpened"": ""/home/dsi/halamim1/ExtractNumbers/outputs/video_150_results/frame_1230/stage_03_sharpened.png"", ""stage_04_individualbb"": ""/home/dsi/halamim1/ExtractNumbers/outputs/video_150_results/frame_1230/stage_04_individualbb.png"", ""stage_05_classification"": ""/home/dsi/halamim1/ExtractNumbers/outputs/video_150_results/frame_1230/stage_05_classification.png""}"
1243,ok,999,0.45194828510284424,3,"{""stage_01_raw"": ""/home/dsi/halamim1/ExtractNumbers/outputs/video_150_results/frame_1243/stage_01_raw.png"", ""stage_02_globalbb"": ""/home/dsi/halamim1/ExtractNumbers/outputs/video_150_results/frame_1243/stage_02_globalbb.png"", ""stage_03_sharpened"": ""/home/dsi/halamim1/ExtractNumbers/outputs/video_150_results/frame_1243/stage_03_sharpened.png"", ""stage_04_individualbb"": ""/home/dsi/halamim1/ExtractNumbers/outputs/video_150_results/frame_1243/stage_04_individualbb.png"", ""stage_05_classification"": ""/home/dsi/halamim1/ExtractNumbers/outputs/video_150_results/frame_1243/stage_05_classification.png""}"
1253,ok,949,0.412708044052124,3,"{""stage_01_raw"": ""/home/dsi/halamim1/ExtractNumbers/outputs/video_150_results/frame_1253/stage_01_raw.png"", ""stage_02_globalbb"": ""/home/dsi/halamim1/ExtractNumbers/outputs/video_150_results/frame_1253/stage_02_globalbb.png"", ""stage_03_sharpened"": ""/home/dsi/halamim1/ExtractNumbers/outputs/video_150_results/frame_1253/stage_03_sharpened.png"", ""stage_04_individualbb"": ""/home/dsi/halamim1/ExtractNumbers/outputs/video_150_results/frame_1253/stage_04_individualbb.png"", ""stage_05_classification"": ""/home/dsi/halamim1/ExtractNumbers/outputs/video_150_results/frame_1253/stage_05_classification.png""}"
1268,ok,992,0.4771886467933655,3,"{""stage_01_raw"": ""/home/dsi/halamim1/ExtractNumbers/outputs/video_150_results/frame_1268/stage_01_raw.png"", ""stage_02_globalbb"": ""/home/dsi/halamim1/ExtractNumbers/outputs/video_150_results/frame_1268/stage_02_globalbb.png"", ""stage_03_sharpened"": ""/home/dsi/halamim1/ExtractNumbers/outputs/video_150_results/frame_1268/stage_03_sharpened.png"", ""stage_04_individualbb"": ""/home/dsi/halamim1/ExtractNumbers/outputs/video_150_results/frame_1268/stage_04_individualbb.png"", ""stage_05_classification"": ""/home/dsi/halamim1/ExtractNumbers/outputs/video_150_results/frame_1268/stage_05_classification.png""}"
1278,ok,992,0.49126309156417847,3,"{""stage_01_raw"": ""/home/dsi/halamim1/ExtractNumbers/outputs/video_150_results/frame_1278/stage_01_raw.png"", ""stage_02_globalbb"": ""/home/dsi/halamim1/ExtractNumbers/outputs/video_150_results/frame_1278/stage_02_globalbb.png"", ""stage_03_sharpened"": ""/home/dsi/halamim1/ExtractNumbers/outputs/video_150_results/frame_1278/stage_03_sharpened.png"", ""stage_04_individualbb"": ""/home/dsi/halamim1/ExtractNumbers/outputs/video_150_results/frame_1278/stage_04_individualbb.png"", ""stage_05_classification"": ""/home/dsi/halamim1/ExtractNumbers/outputs/video_150_results/frame_1278/stage_05_classification.png""}"
1287,ok,9992,0.5440362691879272,4,"{""stage_01_raw"": ""/home/dsi/halamim1/ExtractNumbers/outputs/video_150_results/frame_1287/stage_01_raw.png"", ""stage_02_globalbb"": ""/home/dsi/halamim1/ExtractNumbers/outputs/video_150_results/frame_1287/stage_02_globalbb.png"", ""stage_03_sharpened"": ""/home/dsi/halamim1/ExtractNumbers/outputs/video_150_results/frame_1287/stage_03_sharpened.png"", ""stage_04_individualbb"": ""/home/dsi/halamim1/ExtractNumbers/outputs/video_150_results/frame_1287/stage_04_individualbb.png"", ""stage_05_classification"": ""/home/dsi/halamim1/ExtractNumbers/outputs/video_150_results/frame_1287/stage_05_classification.png""}"
1291,no-global,,,0,"{""stage_01_raw"": ""/home/dsi/halamim1/ExtractNumbers/outputs/video_150_results/frame_1291/stage_01_raw.png""}"
1305,ok,993,0.4275906980037689,3,"{""stage_01_raw"": ""/home/dsi/halamim1/ExtractNumbers/outputs/video_150_results/frame_1305/stage_01_raw.png"", ""stage_02_globalbb"": ""/home/dsi/halamim1/ExtractNumbers/outputs/video_150_results/frame_1305/stage_02_globalbb.png"", ""stage_03_sharpened"": ""/home/dsi/halamim1/ExtractNumbers/outputs/video_150_results/frame_1305/stage_03_sharpened.png"", ""stage_04_individualbb"": ""/home/dsi/halamim1/ExtractNumbers/outputs/video_150_results/frame_1305/stage_04_individualbb.png"", ""stage_05_classification"": ""/home/dsi/halamim1/ExtractNumbers/outputs/video_150_results/frame_1305/stage_05_classification.png""}"
1311,ok,993,0.46050357818603516,3,"{""stage_01_raw"": ""/home/dsi/halamim1/ExtractNumbers/outputs/video_150_results/frame_1311/stage_01_raw.png"", ""stage_02_globalbb"": ""/home/dsi/halamim1/ExtractNumbers/outputs/video_150_results/frame_1311/stage_02_globalbb.png"", ""stage_03_sharpened"": ""/home/dsi/halamim1/ExtractNumbers/outputs/video_150_results/frame_1311/stage_03_sharpened.png"", ""stage_04_individualbb"": ""/home/dsi/halamim1/ExtractNumbers/outputs/video_150_results/frame_1311/stage_04_individualbb.png"", ""stage_05_classification"": ""/home/dsi/halamim1/ExtractNumbers/outputs/video_150_results/frame_1311/stage_05_classification.png""}"
1328,ok,2,0.4666895270347595,1,"{""stage_01_raw"": ""/home/dsi/halamim1/ExtractNumbers/outputs/video_150_results/frame_1328/stage_01_raw.png"", ""stage_02_globalbb"": ""/home/dsi/halamim1/ExtractNumbers/outputs/video_150_results/frame_1328/stage_02_globalbb.png"", ""stage_03_sharpened"": ""/home/dsi/halamim1/ExtractNumbers/outputs/video_150_results/frame_1328/stage_03_sharpened.png"", ""stage_04_individualbb"": ""/home/dsi/halamim1/ExtractNumbers/outputs/video_150_results/frame_1328/stage_04_individualbb.png"", ""stage_05_classification"": ""/home/dsi/halamim1/ExtractNumbers/outputs/video_150_results/frame_1328/stage_05_classification.png""}"
1338,ok,69,0.2667427062988281,2,"{""stage_01_raw"": ""/home/dsi/halamim1/ExtractNumbers/outputs/video_150_results/frame_1338/stage_01_raw.png"", ""stage_02_globalbb"": ""/home/dsi/halamim1/ExtractNumbers/outputs/video_150_results/frame_1338/stage_02_globalbb.png"", ""stage_03_sharpened"": ""/home/dsi/halamim1/ExtractNumbers/outputs/video_150_results/frame_1338/stage_03_sharpened.png"", ""stage_04_individualbb"": ""/home/dsi/halamim1/ExtractNumbers/outputs/video_150_results/frame_1338/stage_04_individualbb.png"", ""stage_05_classification"": ""/home/dsi/halamim1/ExtractNumbers/outputs/video_150_results/frame_1338/stage_05_classification.png""}"
1346,ok,159,0.4822332561016083,3,"{""stage_01_raw"": ""/home/dsi/halamim1/ExtractNumbers/outputs/video_150_results/frame_1346/stage_01_raw.png"", ""stage_02_globalbb"": ""/home/dsi/halamim1/ExtractNumbers/outputs/video_150_results/frame_1346/stage_02_globalbb.png"", ""stage_03_sharpened"": ""/home/dsi/halamim1/ExtractNumbers/outputs/video_150_results/frame_1346/stage_03_sharpened.png"", ""stage_04_individualbb"": ""/home/dsi/halamim1/ExtractNumbers/outputs/video_150_results/frame_1346/stage_04_individualbb.png"", ""stage_05_classification"": ""/home/dsi/halamim1/ExtractNumbers/outputs/video_150_results/frame_1346/stage_05_classification.png""}"
1353,ok,8241,0.3560881018638611,4,"{""stage_01_raw"": ""/home/dsi/halamim1/ExtractNumbers/outputs/video_150_results/frame_1353/stage_01_raw.png"", ""stage_02_globalbb"": ""/home/dsi/halamim1/ExtractNumbers/outputs/video_150_results/frame_1353/stage_02_globalbb.png"", ""stage_03_sharpened"": ""/home/dsi/halamim1/ExtractNumbers/outputs/video_150_results/frame_1353/stage_03_sharpened.png"", ""stage_04_individualbb"": ""/home/dsi/halamim1/ExtractNumbers/outputs/video_150_results/frame_1353/stage_04_individualbb.png"", ""stage_05_classification"": ""/home/dsi/halamim1/ExtractNumbers/outputs/video_150_results/frame_1353/stage_05_classification.png""}"
1369,ok,8241,0.26042836904525757,4,"{""stage_01_raw"": ""/home/dsi/halamim1/ExtractNumbers/outputs/video_150_results/frame_1369/stage_01_raw.png"", ""stage_02_globalbb"": ""/home/dsi/halamim1/ExtractNumbers/outputs/video_150_results/frame_1369/stage_02_globalbb.png"", ""stage_03_sharpened"": ""/home/dsi/halamim1/ExtractNumbers/outputs/video_150_results/frame_1369/stage_03_sharpened.png"", ""stage_04_individualbb"": ""/home/dsi/halamim1/ExtractNumbers/outputs/video_150_results/frame_1369/stage_04_individualbb.png"", ""stage_05_classification"": ""/home/dsi/halamim1/ExtractNumbers/outputs/video_150_results/frame_1369/stage_05_classification.png""}"
1374,ok,8241,0.2643975615501404,4,"{""stage_01_raw"": ""/home/dsi/halamim1/ExtractNumbers/outputs/video_150_results/frame_1374/stage_01_raw.png"", ""stage_02_globalbb"": ""/home/dsi/halamim1/ExtractNumbers/outputs/video_150_results/frame_1374/stage_02_globalbb.png"", ""stage_03_sharpened"": ""/home/dsi/halamim1/ExtractNumbers/outputs/video_150_results/frame_1374/stage_03_sharpened.png"", ""stage_04_individualbb"": ""/home/dsi/halamim1/ExtractNumbers/outputs/video_150_results/frame_1374/stage_04_individualbb.png"", ""stage_05_classification"": ""/home/dsi/halamim1/ExtractNumbers/outputs/video_150_results/frame_1374/stage_05_classification.png""}"
1381,no-global,,,0,"{""stage_01_raw"": ""/home/dsi/halamim1/ExtractNumbers/outputs/video_150_results/frame_1381/stage_01_raw.png""}"
1398,ok,8241,0.2580719590187073,4,"{""stage_01_raw"": ""/home/dsi/halamim1/ExtractNumbers/outputs/video_150_results/frame_1398/stage_01_raw.png"", ""stage_02_globalbb"": ""/home/dsi/halamim1/ExtractNumbers/outputs/video_150_results/frame_1398/stage_02_globalbb.png"", ""stage_03_sharpened"": ""/home/dsi/halamim1/ExtractNumbers/outputs/video_150_results/frame_1398/stage_03_sharpened.png"", ""stage_04_individualbb"": ""/home/dsi/halamim1/ExtractNumbers/outputs/video_150_results/frame_1398/stage_04_individualbb.png"", ""stage_05_classification"": ""/home/dsi/halamim1/ExtractNumbers/outputs/video_150_results/frame_1398/stage_05_classification.png""}"
1405,ok,1991,0.39231494069099426,4,"{""stage_01_raw"": ""/home/dsi/halamim1/ExtractNumbers/outputs/video_150_results/frame_1405/stage_01_raw.png"", ""stage_02_globalbb"": ""/home/dsi/halamim1/ExtractNumbers/outputs/video_150_results/frame_1405/stage_02_globalbb.png"", ""stage_03_sharpened"": ""/home/dsi/halamim1/ExtractNumbers/outputs/video_150_results/frame_1405/stage_03_sharpened.png"", ""stage_04_individualbb"": ""/home/dsi/halamim1/ExtractNumbers/outputs/video_150_results/frame_1405/stage_04_individualbb.png"", ""stage_05_classification"": ""/home/dsi/halamim1/ExtractNumbers/outputs/video_150_results/frame_1405/stage_05_classification.png""}"
1411,ok,191,0.4843166172504425,3,"{""stage_01_raw"": ""/home/dsi/halamim1/ExtractNumbers/outputs/video_150_results/frame_1411/stage_01_raw.png"", ""stage_02_globalbb"": ""/home/dsi/halamim1/ExtractNumbers/outputs/video_150_results/frame_1411/stage_02_globalbb.png"", ""stage_03_sharpened"": ""/home/dsi/halamim1/ExtractNumbers/outputs/video_150_results/frame_1411/stage_03_sharpened.png"", ""stage_04_individualbb"": ""/home/dsi/halamim1/ExtractNumbers/outputs/video_150_results/frame_1411/stage_04_individualbb.png"", ""stage_05_classification"": ""/home/dsi/halamim1/ExtractNumbers/outputs/video_150_results/frame_1411/stage_05_classification.png""}"
1421,ok,164491,0.5397142171859741,6,"{""stage_01_raw"": ""/home/dsi/halamim1/ExtractNumbers/outputs/video_150_results/frame_1421/stage_01_raw.png"", ""stage_02_globalbb"": ""/home/dsi/halamim1/ExtractNumbers/outputs/video_150_results/frame_1421/stage_02_globalbb.png"", ""stage_03_sharpened"": ""/home/dsi/halamim1/ExtractNumbers/outputs/video_150_results/frame_1421/stage_03_sharpened.png"", ""stage_04_individualbb"": ""/home/dsi/halamim1/ExtractNumbers/outputs/video_150_results/frame_1421/stage_04_individualbb.png"", ""stage_05_classification"": ""/home/dsi/halamim1/ExtractNumbers/outputs/video_150_results/frame_1421/stage_05_classification.png""}"
1438,ok,6671,0.2947576344013214,4,"{""stage_01_raw"": ""/home/dsi/halamim1/ExtractNumbers/outputs/video_150_results/frame_1438/stage_01_raw.png"", ""stage_02_globalbb"": ""/home/dsi/halamim1/ExtractNumbers/outputs/video_150_results/frame_1438/stage_02_globalbb.png"", ""stage_03_sharpened"": ""/home/dsi/halamim1/ExtractNumbers/outputs/video_150_results/frame_1438/stage_03_sharpened.png"", ""stage_04_individualbb"": ""/home/dsi/halamim1/ExtractNumbers/outputs/video_150_results/frame_1438/stage_04_individualbb.png"", ""stage_05_classification"": ""/home/dsi/halamim1/ExtractNumbers/outputs/video_150_results/frame_1438/stage_05_classification.png""}"
1444,ok,05,0.2556166350841522,2,"{""stage_01_raw"": ""/home/dsi/halamim1/ExtractNumbers/outputs/video_150_results/frame_1444/stage_01_raw.png"", ""stage_02_globalbb"": ""/home/dsi/halamim1/ExtractNumbers/outputs/video_150_results/frame_1444/stage_02_globalbb.png"", ""stage_03_sharpened"": ""/home/dsi/halamim1/ExtractNumbers/outputs/video_150_results/frame_1444/stage_03_sharpened.png"", ""stage_04_individualbb"": ""/home/dsi/halamim1/ExtractNumbers/outputs/video_150_results/frame_1444/stage_04_individualbb.png"", ""stage_05_classification"": ""/home/dsi/halamim1/ExtractNumbers/outputs/video_150_results/frame_1444/stage_05_classification.png""}"
1458,ok,2,0.42323583364486694,1,"{""stage_01_raw"": ""/home/dsi/halamim1/ExtractNumbers/outputs/video_150_results/frame_1458/stage_01_raw.png"", ""stage_02_globalbb"": ""/home/dsi/halamim1/ExtractNumbers/outputs/video_150_results/frame_1458/stage_02_globalbb.png"", ""stage_03_sharpened"": ""/home/dsi/halamim1/ExtractNumbers/outputs/video_150_results/frame_1458/stage_03_sharpened.png"", ""stage_04_individualbb"": ""/home/dsi/halamim1/ExtractNumbers/outputs/video_150_results/frame_1458/stage_04_individualbb.png"", ""stage_05_classification"": ""/home/dsi/halamim1/ExtractNumbers/outputs/video_150_results/frame_1458/stage_05_classification.png""}"
1464,ok,166,0.25438958406448364,3,"{""stage_01_raw"": ""/home/dsi/halamim1/ExtractNumbers/outputs/video_150_results/frame_1464/stage_01_raw.png"", ""stage_02_globalbb"": ""/home/dsi/halamim1/ExtractNumbers/outputs/video_150_results/frame_1464/stage_02_globalbb.png"", ""stage_03_sharpened"": ""/home/dsi/halamim1/ExtractNumbers/outputs/video_150_results/frame_1464/stage_03_sharpened.png"", ""stage_04_individualbb"": ""/home/dsi/halamim1/ExtractNumbers/outputs/video_150_results/frame_1464/stage_04_individualbb.png"", ""stage_05_classification"": ""/home/dsi/halamim1/ExtractNumbers/outputs/video_150_results/frame_1464/stage_05_classification.png""}"
1473,no-global,,,0,"{""stage_01_raw"": ""/home/dsi/halamim1/ExtractNumbers/outputs/video_150_results/frame_1473/stage_01_raw.png""}"
1480,no-global,,,0,"{""stage_01_raw"": ""/home/dsi/halamim1/ExtractNumbers/outputs/video_150_results/frame_1480/stage_01_raw.png""}"
1491,ok,199617,0.30895113945007324,6,"{""stage_01_raw"": ""/home/dsi/halamim1/ExtractNumbers/outputs/video_150_results/frame_1491/stage_01_raw.png"", ""stage_02_globalbb"": ""/home/dsi/halamim1/ExtractNumbers/outputs/video_150_results/frame_1491/stage_02_globalbb.png"", ""stage_03_sharpened"": ""/home/dsi/halamim1/ExtractNumbers/outputs/video_150_results/frame_1491/stage_03_sharpened.png"", ""stage_04_individualbb"": ""/home/dsi/halamim1/ExtractNumbers/outputs/video_150_results/frame_1491/stage_04_individualbb.png"", ""stage_05_classification"": ""/home/dsi/halamim1/ExtractNumbers/outputs/video_150_results/frame_1491/stage_05_classification.png""}"
1506,no-global,,,0,"{""stage_01_raw"": ""/home/dsi/halamim1/ExtractNumbers/outputs/video_150_results/frame_1506/stage_01_raw.png""}"
1510,ok,61,0.4049201011657715,2,"{""stage_01_raw"": ""/home/dsi/halamim1/ExtractNumbers/outputs/video_150_results/frame_1510/stage_01_raw.png"", ""stage_02_globalbb"": ""/home/dsi/halamim1/ExtractNumbers/outputs/video_150_results/frame_1510/stage_02_globalbb.png"", ""stage_03_sharpened"": ""/home/dsi/halamim1/ExtractNumbers/outputs/video_150_results/frame_1510/stage_03_sharpened.png"", ""stage_04_individualbb"": ""/home/dsi/halamim1/ExtractNumbers/outputs/video_150_results/frame_1510/stage_04_individualbb.png"", ""stage_05_classification"": ""/home/dsi/halamim1/ExtractNumbers/outputs/video_150_results/frame_1510/stage_05_classification.png""}"
1523,ok,1,0.4391459822654724,1,"{""stage_01_raw"": ""/home/dsi/halamim1/ExtractNumbers/outputs/video_150_results/frame_1523/stage_01_raw.png"", ""stage_02_globalbb"": ""/home/dsi/halamim1/ExtractNumbers/outputs/video_150_results/frame_1523/stage_02_globalbb.png"", ""stage_03_sharpened"": ""/home/dsi/halamim1/ExtractNumbers/outputs/video_150_results/frame_1523/stage_03_sharpened.png"", ""stage_04_individualbb"": ""/home/dsi/halamim1/ExtractNumbers/outputs/video_150_results/frame_1523/stage_04_individualbb.png"", ""stage_05_classification"": ""/home/dsi/halamim1/ExtractNumbers/outputs/video_150_results/frame_1523/stage_05_classification.png""}"
1532,no-global,,,0,"{""stage_01_raw"": ""/home/dsi/halamim1/ExtractNumbers/outputs/video_150_results/frame_1532/stage_01_raw.png""}"
1545,no-global,,,0,"{""stage_01_raw"": ""/home/dsi/halamim1/ExtractNumbers/outputs/video_150_results/frame_1545/stage_01_raw.png""}"
1550,no-global,,,0,"{""stage_01_raw"": ""/home/dsi/halamim1/ExtractNumbers/outputs/video_150_results/frame_1550/stage_01_raw.png""}"
1560,no-global,,,0,"{""stage_01_raw"": ""/home/dsi/halamim1/ExtractNumbers/outputs/video_150_results/frame_1560/stage_01_raw.png""}"
1576,no-global,,,0,"{""stage_01_raw"": ""/home/dsi/halamim1/ExtractNumbers/outputs/video_150_results/frame_1576/stage_01_raw.png""}"
1582,ok,1,0.28756576776504517,1,"{""stage_01_raw"": ""/home/dsi/halamim1/ExtractNumbers/outputs/video_150_results/frame_1582/stage_01_raw.png"", ""stage_02_globalbb"": ""/home/dsi/halamim1/ExtractNumbers/outputs/video_150_results/frame_1582/stage_02_globalbb.png"", ""stage_03_sharpened"": ""/home/dsi/halamim1/ExtractNumbers/outputs/video_150_results/frame_1582/stage_03_sharpened.png"", ""stage_04_individualbb"": ""/home/dsi/halamim1/ExtractNumbers/outputs/video_150_results/frame_1582/stage_04_individualbb.png"", ""stage_05_classification"": ""/home/dsi/halamim1/ExtractNumbers/outputs/video_150_results/frame_1582/stage_05_classification.png""}"
1591,ok,19,0.2752050459384918,2,"{""stage_01_raw"": ""/home/dsi/halamim1/ExtractNumbers/outputs/video_150_results/frame_1591/stage_01_raw.png"", ""stage_02_globalbb"": ""/home/dsi/halamim1/ExtractNumbers/outputs/video_150_results/frame_1591/stage_02_globalbb.png"", ""stage_03_sharpened"": ""/home/dsi/halamim1/ExtractNumbers/outputs/video_150_results/frame_1591/stage_03_sharpened.png"", ""stage_04_individualbb"": ""/home/dsi/halamim1/ExtractNumbers/outputs/video_150_results/frame_1591/stage_04_individualbb.png"", ""stage_05_classification"": ""/home/dsi/halamim1/ExtractNumbers/outputs/video_150_results/frame_1591/stage_05_classification.png""}"
1607,ok,11,0.3803183436393738,2,"{""stage_01_raw"": ""/home/dsi/halamim1/ExtractNumbers/outputs/video_150_results/frame_1607/stage_01_raw.png"", ""stage_02_globalbb"": ""/home/dsi/halamim1/ExtractNumbers/outputs/video_150_results/frame_1607/stage_02_globalbb.png"", ""stage_03_sharpened"": ""/home/dsi/halamim1/ExtractNumbers/outputs/video_150_results/frame_1607/stage_03_sharpened.png"", ""stage_04_individualbb"": ""/home/dsi/halamim1/ExtractNumbers/outputs/video_150_results/frame_1607/stage_04_individualbb.png"", ""stage_05_classification"": ""/home/dsi/halamim1/ExtractNumbers/outputs/video_150_results/frame_1607/stage_05_classification.png""}"
1612,no-global,,,0,"{""stage_01_raw"": ""/home/dsi/halamim1/ExtractNumbers/outputs/video_150_results/frame_1612/stage_01_raw.png""}"
1623,ok,1,0.3340691924095154,1,"{""stage_01_raw"": ""/home/dsi/halamim1/ExtractNumbers/outputs/video_150_results/frame_1623/stage_01_raw.png"", ""stage_02_globalbb"": ""/home/dsi/halamim1/ExtractNumbers/outputs/video_150_results/frame_1623/stage_02_globalbb.png"", ""stage_03_sharpened"": ""/home/dsi/halamim1/ExtractNumbers/outputs/video_150_results/frame_1623/stage_03_sharpened.png"", ""stage_04_individualbb"": ""/home/dsi/halamim1/ExtractNumbers/outputs/video_150_results/frame_1623/stage_04_individualbb.png"", ""stage_05_classification"": ""/home/dsi/halamim1/ExtractNumbers/outputs/video_150_results/frame_1623/stage_05_classification.png""}"
1634,no-global,,,0,"{""stage_01_raw"": ""/home/dsi/halamim1/ExtractNumbers/outputs/video_150_results/frame_1634/stage_01_raw.png""}"
1649,ok,691,0.3182995915412903,3,"{""stage_01_raw"": ""/home/dsi/halamim1/ExtractNumbers/outputs/video_150_results/frame_1649/stage_01_raw.png"", ""stage_02_globalbb"": ""/home/dsi/halamim1/ExtractNumbers/outputs/video_150_results/frame_1649/stage_02_globalbb.png"", ""stage_03_sharpened"": ""/home/dsi/halamim1/ExtractNumbers/outputs/video_150_results/frame_1649/stage_03_sharpened.png"", ""stage_04_individualbb"": ""/home/dsi/halamim1/ExtractNumbers/outputs/video_150_results/frame_1649/stage_04_individualbb.png"", ""stage_05_classification"": ""/home/dsi/halamim1/ExtractNumbers/outputs/video_150_results/frame_1649/stage_05_classification.png""}"
1652,ok,691,0.3212241530418396,3,"{""stage_01_raw"": ""/home/dsi/halamim1/ExtractNumbers/outputs/video_150_results/frame_1652/stage_01_raw.png"", ""stage_02_globalbb"": ""/home/dsi/halamim1/ExtractNumbers/outputs/video_150_results/frame_1652/stage_02_globalbb.png"", ""stage_03_sharpened"": ""/home/dsi/halamim1/ExtractNumbers/outputs/video_150_results/frame_1652/stage_03_sharpened.png"", ""stage_04_individualbb"": ""/home/dsi/halamim1/ExtractNumbers/outputs/video_150_results/frame_1652/stage_04_individualbb.png"", ""stage_05_classification"": ""/home/dsi/halamim1/ExtractNumbers/outputs/video_150_results/frame_1652/stage_05_classification.png""}"
1666,ok,1,0.32528194785118103,1,"{""stage_01_raw"": ""/home/dsi/halamim1/ExtractNumbers/outputs/video_150_results/frame_1666/stage_01_raw.png"", ""stage_02_globalbb"": ""/home/dsi/halamim1/ExtractNumbers/outputs/video_150_results/frame_1666/stage_02_globalbb.png"", ""stage_03_sharpened"": ""/home/dsi/halamim1/ExtractNumbers/outputs/video_150_results/frame_1666/stage_03_sharpened.png"", ""stage_04_individualbb"": ""/home/dsi/halamim1/ExtractNumbers/outputs/video_150_results/frame_1666/stage_04_individualbb.png"", ""stage_05_classification"": ""/home/dsi/halamim1/ExtractNumbers/outputs/video_150_results/frame_1666/stage_05_classification.png""}"
1671,ok,1,0.32655754685401917,1,"{""stage_01_raw"": ""/home/dsi/halamim1/ExtractNumbers/outputs/video_150_results/frame_1671/stage_01_raw.png"", ""stage_02_globalbb"": ""/home/dsi/halamim1/ExtractNumbers/outputs/video_150_results/frame_1671/stage_02_globalbb.png"", ""stage_03_sharpened"": ""/home/dsi/halamim1/ExtractNumbers/outputs/video_150_results/frame_1671/stage_03_sharpened.png"", ""stage_04_individualbb"": ""/home/dsi/halamim1/ExtractNumbers/outputs/video_150_results/frame_1671/stage_04_individualbb.png"", ""stage_05_classification"": ""/home/dsi/halamim1/ExtractNumbers/outputs/video_150_results/frame_1671/stage_05_classification.png""}"
1684,no-global,,,0,"{""stage_01_raw"": ""/home/dsi/halamim1/ExtractNumbers/outputs/video_150_results/frame_1684/stage_01_raw.png""}"
1691,no-global,,,0,"{""stage_01_raw"": ""/home/dsi/halamim1/ExtractNumbers/outputs/video_150_results/frame_1691/stage_01_raw.png""}"
1703,no-global,,,0,"{""stage_01_raw"": ""/home/dsi/halamim1/ExtractNumbers/outputs/video_150_results/frame_1703/stage_01_raw.png""}"
1719,ok,62656421,0.33384883403778076,8,"{""stage_01_raw"": ""/home/dsi/halamim1/ExtractNumbers/outputs/video_150_results/frame_1719/stage_01_raw.png"", ""stage_02_globalbb"": ""/home/dsi/halamim1/ExtractNumbers/outputs/video_150_results/frame_1719/stage_02_globalbb.png"", ""stage_03_sharpened"": ""/home/dsi/halamim1/ExtractNumbers/outputs/video_150_results/frame_1719/stage_03_sharpened.png"", ""stage_04_individualbb"": ""/home/dsi/halamim1/ExtractNumbers/outputs/video_150_results/frame_1719/stage_04_individualbb.png"", ""stage_05_classification"": ""/home/dsi/halamim1/ExtractNumbers/outputs/video_150_results/frame_1719/stage_05_classification.png""}"
1725,ok,6566771,0.34303146600723267,7,"{""stage_01_raw"": ""/home/dsi/halamim1/ExtractNumbers/outputs/video_150_results/frame_1725/stage_01_raw.png"", ""stage_02_globalbb"": ""/home/dsi/halamim1/ExtractNumbers/outputs/video_150_results/frame_1725/stage_02_globalbb.png"", ""stage_03_sharpened"": ""/home/dsi/halamim1/ExtractNumbers/outputs/video_150_results/frame_1725/stage_03_sharpened.png"", ""stage_04_individualbb"": ""/home/dsi/halamim1/ExtractNumbers/outputs/video_150_results/frame_1725/stage_04_individualbb.png"", ""stage_05_classification"": ""/home/dsi/halamim1/ExtractNumbers/outputs/video_150_results/frame_1725/stage_05_classification.png""}"
1733,ok,9656421,0.302533894777298,7,"{""stage_01_raw"": ""/home/dsi/halamim1/ExtractNumbers/outputs/video_150_results/frame_1733/stage_01_raw.png"", ""stage_02_globalbb"": ""/home/dsi/halamim1/ExtractNumbers/outputs/video_150_results/frame_1733/stage_02_globalbb.png"", ""stage_03_sharpened"": ""/home/dsi/halamim1/ExtractNumbers/outputs/video_150_results/frame_1733/stage_03_sharpened.png"", ""stage_04_individualbb"": ""/home/dsi/halamim1/ExtractNumbers/outputs/video_150_results/frame_1733/stage_04_individualbb.png"", ""stage_05_classification"": ""/home/dsi/halamim1/ExtractNumbers/outputs/video_150_results/frame_1733/stage_05_classification.png""}"
1745,ok,96,0.47024285793304443,2,"{""stage_01_raw"": ""/home/dsi/halamim1/ExtractNumbers/outputs/video_150_results/frame_1745/stage_01_raw.png"", ""stage_02_globalbb"": ""/home/dsi/halamim1/ExtractNumbers/outputs/video_150_results/frame_1745/stage_02_globalbb.png"", ""stage_03_sharpened"": ""/home/dsi/halamim1/ExtractNumbers/outputs/video_150_results/frame_1745/stage_03_sharpened.png"", ""stage_04_individualbb"": ""/home/dsi/halamim1/ExtractNumbers/outputs/video_150_results/frame_1745/stage_04_individualbb.png"", ""stage_05_classification"": ""/home/dsi/halamim1/ExtractNumbers/outputs/video_150_results/frame_1745/stage_05_classification.png""}"
1754,ok,0,0.4927348494529724,1,"{""stage_01_raw"": ""/home/dsi/halamim1/ExtractNumbers/outputs/video_150_results/frame_1754/stage_01_raw.png"", ""stage_02_globalbb"": ""/home/dsi/halamim1/ExtractNumbers/outputs/video_150_results/frame_1754/stage_02_globalbb.png"", ""stage_03_sharpened"": ""/home/dsi/halamim1/ExtractNumbers/outputs/video_150_results/frame_1754/stage_03_sharpened.png"", ""stage_04_individualbb"": ""/home/dsi/halamim1/ExtractNumbers/outputs/video_150_results/frame_1754/stage_04_individualbb.png"", ""stage_05_classification"": ""/home/dsi/halamim1/ExtractNumbers/outputs/video_150_results/frame_1754/stage_05_classification.png""}"
1766,ok,996,0.5764391422271729,3,"{""stage_01_raw"": ""/home/dsi/halamim1/ExtractNumbers/outputs/video_150_results/frame_1766/stage_01_raw.png"", ""stage_02_globalbb"": ""/home/dsi/halamim1/ExtractNumbers/outputs/video_150_results/frame_1766/stage_02_globalbb.png"", ""stage_03_sharpened"": ""/home/dsi/halamim1/ExtractNumbers/outputs/video_150_results/frame_1766/stage_03_sharpened.png"", ""stage_04_individualbb"": ""/home/dsi/halamim1/ExtractNumbers/outputs/video_150_results/frame_1766/stage_04_individualbb.png"", ""stage_05_classification"": ""/home/dsi/halamim1/ExtractNumbers/outputs/video_150_results/frame_1766/stage_05_classification.png""}"
1775,ok,9,0.5560409426689148,1,"{""stage_01_raw"": ""/home/dsi/halamim1/ExtractNumbers/outputs/video_150_results/frame_1775/stage_01_raw.png"", ""stage_02_globalbb"": ""/home/dsi/halamim1/ExtractNumbers/outputs/video_150_results/frame_1775/stage_02_globalbb.png"", ""stage_03_sharpened"": ""/home/dsi/halamim1/ExtractNumbers/outputs/video_150_results/frame_1775/stage_03_sharpened.png"", ""stage_04_individualbb"": ""/home/dsi/halamim1/ExtractNumbers/outputs/video_150_results/frame_1775/stage_04_individualbb.png"", ""stage_05_classification"": ""/home/dsi/halamim1/ExtractNumbers/outputs/video_150_results/frame_1775/stage_05_classification.png""}"
1780,ok,0,0.6509168148040771,1,"{""stage_01_raw"": ""/home/dsi/halamim1/ExtractNumbers/outputs/video_150_results/frame_1780/stage_01_raw.png"", ""stage_02_globalbb"": ""/home/dsi/halamim1/ExtractNumbers/outputs/video_150_results/frame_1780/stage_02_globalbb.png"", ""stage_03_sharpened"": ""/home/dsi/halamim1/ExtractNumbers/outputs/video_150_results/frame_1780/stage_03_sharpened.png"", ""stage_04_individualbb"": ""/home/dsi/halamim1/ExtractNumbers/outputs/video_150_results/frame_1780/stage_04_individualbb.png"", ""stage_05_classification"": ""/home/dsi/halamim1/ExtractNumbers/outputs/video_150_results/frame_1780/stage_05_classification.png""}"
1790,ok,0,0.6120237708091736,1,"{""stage_01_raw"": ""/home/dsi/halamim1/ExtractNumbers/outputs/video_150_results/frame_1790/stage_01_raw.png"", ""stage_02_globalbb"": ""/home/dsi/halamim1/ExtractNumbers/outputs/video_150_results/frame_1790/stage_02_globalbb.png"", ""stage_03_sharpened"": ""/home/dsi/halamim1/ExtractNumbers/outputs/video_150_results/frame_1790/stage_03_sharpened.png"", ""stage_04_individualbb"": ""/home/dsi/halamim1/ExtractNumbers/outputs/video_150_results/frame_1790/stage_04_individualbb.png"", ""stage_05_classification"": ""/home/dsi/halamim1/ExtractNumbers/outputs/video_150_results/frame_1790/stage_05_classification.png""}"
